[
{"text": "Infuse your life with action. Don't wait for it to happen. Make it happen. Make your own future. Make your own hope. Make your own love. And whatever your beliefs, honor your creator, not by passively waiting for grace to come down from upon high, but by doing what you can to make grace happen... yourself, right now, right down here on Earth.", "author": "Bradley Whitford", "tags": ["Motivational", "Life", "Hope", "Waiting"]},
{"text": "Your work is going to fill a large part of your life, and the only way to be truly satisfied is to do what you believe is great work. And the only way to do great work is to love what you do. If you haven't found it yet, keep looking. Don't settle. As with all matters of the heart, you'll know when you find it.", "author": "Steve Jobs", "tags": ["Inspirational", "Life", "Work", "Heart"]},
{"text": "Success is no accident. It is hard work, perseverance, learning, studying, sacrifice and most of all, love of what you are doing or learning to do.", "author": "Pele", "tags": ["Work", "Hard Work", "Success", "Learning"]},
{"text": "Love yourself for who you are, and trust me, if you are happy from within, you are the most beautiful person, and your smile is your best asset.", "author": "Ileana D'Cruz", "tags": ["Smile", "Beautiful", "Best", "Me"]},
{"text": "A good teacher can inspire hope, ignite the imagination, and instill a love of learning.", "author": "Brad Henry", "tags": []},
{"text": "Love myself I do. Not everything, but I love the good as well as the bad. I love my crazy lifestyle, and I love my hard discipline. I love my freedom of speech and the way my eyes get dark when I'm tired. I love that I have learned to trust people with my heart, even if it will get broken. I am proud of everything that I am and will become.", "author": "Johnny Weir", "tags": ["Myself", "Eyes", "Good", "Freedom"]},
{"text": "Peace is the beauty of life. It is sunshine. It is the smile of a child, the love of a mother, the joy of a father, the togetherness of a family. It is the advancement of man, the victory of a just cause, the triumph of truth.", "author": "Menachem Begin", "tags": ["Life", "Smile", "Family", "Beauty"]},
{"text": "Being a father has been, without a doubt, my greatest source of achievement, pride and inspiration. Fatherhood has taught me about unconditional love, reinforced the importance of giving back and taught me how to be a better person.", "author": "Naveen Jain", "tags": ["Achievement", "Me", "Father", "Better"]},
{"text": "I will love the light for it shows me the way, yet I will endure the darkness because it shows me the stars.", "author": "Og Mandino", "tags": ["Inspirational", "Light", "Me", "Stars"]},
{"text": "We're born alone, we live alone, we die alone. Only through our love and friendship can we create the illusion for the moment that we're not alone.", "author": "Orson Welles", "tags": ["Friendship", "Alone", "Moment", "Die"]},
{"text": "Don't forget to tell yourself positive things daily! You must love yourself internally to glow externally.", "author": "Hannah Bronfman", "tags": ["Positive", "Yourself", "Daily", "You"]},
{"text": "In 2007, my life changed forever. I signed on 'Tashan,' a full-on glamorous masala movie, with two of the hottest and fittest actors around: Akshay Kumar and Saif Ali Khan. And me, rising out of the sea like a Bond girl, wearing nothing but a green bikini. I had nightmares of how my love handles would be on display for the whole world to see.", "author": "Kareena Kapoor Khan", "tags": ["Life", "Sea", "Me", "Girl"]},
{"text": "Love is like a beautiful flower which I may not touch, but whose fragrance makes the garden a place of delight just the same.", "author": "Helen Keller", "tags": ["Beautiful", "Flower", "Love Is", "Place"]},
{"text": "Enjoy the journey and try to get better every day. And don't lose the passion and the love for what you do.", "author": "Nadia Comaneci", "tags": ["Journey", "Day", "Passion", "You"]},
{"text": "You can never control who you fall in love with, even when you're in the most sad, confused time of your life. You don't fall in love with people because they're fun. It just happens.", "author": "Kirsten Dunst", "tags": ["Life", "Sad", "Relationship", "Time"]},
{"text": "Nobody can predict the future. You just have to give your all to the relationship you're in and do your best to take care of your partner, communicate and give them every last drop of love you have. I think one of the most important things in a relationship is caring for your significant other through good times and bad.", "author": "Nick Cannon", "tags": ["Best", "Good", "Relationship", "Future"]},
{"text": "I believe that imagination is stronger than knowledge. That myth is more potent than history. That dreams are more powerful than facts. That hope always triumphs over experience. That laughter is the only cure for grief. And I believe that love is stronger than death.", "author": "Robert Fulghum", "tags": ["Dreams", "Hope", "Death", "Knowledge"]},
{"text": "The beauty of a woman must be seen from in her eyes, because that is the doorway to her heart, the place where love resides.", "author": "Audrey Hepburn", "tags": ["Eyes", "Beauty", "Heart", "Woman"]},
{"text": "Did I offer peace today? Did I bring a smile to someone's face? Did I say words of healing? Did I let go of my anger and resentment? Did I forgive? Did I love? These are the real questions. I must trust that the little bit of love that I sow now will bear many fruits, here in this world and the life to come.", "author": "Henri Nouwen", "tags": ["Positive", "Life", "Smile", "Peace"]},
{"text": "I refuse to accept the view that mankind is so tragically bound to the starless midnight of racism and war that the bright daybreak of peace and brotherhood can never become a reality... I believe that unarmed truth and unconditional love will have the final word.", "author": "Martin Luther King, Jr.", "tags": ["War", "Truth", "Peace", "Racism"]},
{"text": "Darkness cannot drive out darkness; only light can do that. Hate cannot drive out hate; only love can do that.", "author": "Martin Luther King, Jr.", "tags": ["Light", "Forgiveness", "Darkness", "Hate"]},
{"text": "A tree is known by its fruit; a man by his deeds. A good deed is never lost; he who sows courtesy reaps friendship, and he who plants kindness gathers love.", "author": "Saint Basil", "tags": ["Friendship", "Good", "Wisdom", "Kindness"]},
{"text": "The foundation stones for a balanced success are honesty, character, integrity, faith, love and loyalty.", "author": "Zig Ziglar", "tags": ["Success", "Faith", "Character", "Integrity"]},
{"text": "Love is not to be purchased, and affection has no price.", "author": "St. Jerome", "tags": []},
{"text": "Let us always meet each other with smile, for the smile is the beginning of love.", "author": "Mother Teresa", "tags": ["Smile", "Beginning", "Meet", "Always"]},
{"text": "I love those who can smile in trouble, who can gather strength from distress, and grow brave by reflection. 'Tis the business of little minds to shrink, but they whose heart is firm, and whose conscience approves their conduct, will pursue their principles unto death.", "author": "Leonardo da Vinci", "tags": ["Smile", "Strength", "Death", "Heart"]}
]